{
	"format_version": "1.8.0",
	"animations": {
		"idle": {
			"loop": true,
			"animation_length": 1
		},
		"idle2": {
			"animation_length": 3,
			"bones": {
				"body": {
					"rotation": {
						"0.0": [0, 0, 0],
						"3.0": [0, 0, 0]
					},
					"position": {
						"0.0": [0, 0, 0],
						"3.0": [0, 0, 0]
					}
				},
				"torso": {
					"rotation": {
						"0.0": [0, 0, 0],
						"0.5": [-15, 0, 0],
						"0.75": [0, 0, 0],
						"1.25": [-7.5, -12.5, 0],
						"2.0417": [0, 0, 0],
						"3.0": [0, 0, 0]
					},
					"position": {
						"0.0": [0, 0, 0],
						"0.5": [0, 0.5, 0],
						"0.75": [0, 0.3, 0],
						"1.25": [0.2, 0.3, 0.3],
						"2.0417": [0, 0.3, 0],
						"3.0": [0, 0, 0]
					}
				},
				"head": {
					"rotation": {
						"0.0": [0, 0, 0],
						"0.6667": [0, 0, 0],
						"1.2083": [5.23619, -14.0761, -20.6469],
						"1.5": [7.10099, -13.56724, -28.35926],
						"2.0": [5.23619, -14.0761, -20.6469],
						"2.2917": [7.10099, -13.56724, -28.35926],
						"3.0": [0, 0, 0]
					},
					"position": {
						"0.0": [0, 0, 0],
						"0.6667": [0, 0, 0],
						"1.2083": [0, 0.3, 0],
						"1.5": [0.3, 0.3, 0],
						"2.0": [0, 0.3, 0],
						"2.2917": [0.3, 0.3, 0],
						"3.0": [0, 0, 0]
					}
				},
				"tail": {
					"rotation": {
						"0.0": [0, 0, 0],
						"0.5": [20, 0, 0],
						"0.75": [3, 0, 0],
						"1.0833": [10.21933, -19.97926, -0.92976],
						"1.375": [4.51011, -29.28361, -2.93062],
						"2.25": [12.37273, 31.45401, 0.37273],
						"3.0": [0, 0, 0]
					},
					"position": {
						"0.0": [0, 0, 0],
						"3.0": [0, 0, 0]
					}
				},
				"leftleg": {
					"rotation": {
						"0.0": [0, 0, 0],
						"3.0": [0, 0, 0]
					},
					"position": {
						"0.0": [0, 0, 0],
						"0.75": [0, 0, 0],
						"2.0417": [0, 0, 0],
						"3.0": [0, 0, 0]
					}
				},
				"leftleg1": {
					"rotation": {
						"0.0": [0, 0, 0],
						"0.75": [0, -17.5, 0],
						"2.0417": [0, -17.5, 0],
						"3.0": [0, 0, 0]
					},
					"position": {
						"0.0": [0, 0, 0],
						"0.5": [0, 0.3, 0],
						"0.75": [0, 0.3, -0.1],
						"2.0417": [0, 0.3, -0.1],
						"3.0": [0, 0, 0]
					}
				},
				"leftleg2": {
					"rotation": {
						"0.0": [0, 0, 0],
						"0.375": [-22.5, 0, 0],
						"0.75": [2.15031, -22.1874, -1.95156],
						"2.0417": [2.15031, -22.1874, -1.95156],
						"3.0": [0, 0, 0]
					},
					"position": {
						"0.0": [0, 0, 0],
						"3.0": [0, 0, 0]
					}
				},
				"leftleg3": {
					"rotation": {
						"0.0": [0, 0, 0],
						"0.5": [15, 0, 0],
						"0.75": [2.50238, 2.49762, 0.10912],
						"2.0417": [2.50238, 2.49762, 0.10912],
						"3.0": [0, 0, 0]
					},
					"position": {
						"0.0": [0, 0, 0],
						"3.0": [0, 0, 0]
					}
				},
				"rightleg1": {
					"rotation": {
						"0.0": [0, 0, 0],
						"3.0": [0, 0, 0]
					},
					"position": {
						"0.0": [0, 0, 0],
						"0.5": [0, 0.3, 0],
						"3.0": [0, 0, 0]
					}
				},
				"rightleg2": {
					"rotation": {
						"0.0": [0, 0, 0],
						"0.5": [5, 0, 0],
						"3.0": [0, 0, 0]
					},
					"position": {
						"0.0": [0, 0, 0],
						"3.0": [0, 0, 0]
					}
				},
				"rightleg3": {
					"rotation": {
						"0.0": [0, 0, 0],
						"0.5": [-2.5, 0, 0],
						"3.0": [0, 0, 0]
					},
					"position": {
						"0.0": [0, 0, 0],
						"3.0": [0, 0, 0]
					}
				}
			}
		},
		"walking": {
			"loop": true,
			"animation_length": 1,
			"bones": {
				"tail": {
					"rotation": {
						"0.0": [0, 0, 0],
						"0.5": [-12.5, 0, 0],
						"0.6667": [0, 0, 0],
						"0.8333": [10, 0, 0],
						"1.0": [0, 0, 0]
					}
				},
				"torso": {
					"rotation": {
						"0.0": [0, 0, 0],
						"0.2083": [10, 0, 0],
						"0.4583": [-15, 0, 0],
						"0.6667": [2.5, 0, 0],
						"0.8333": [15, 0, 0],
						"1.0": [0, 0, 0]
					},
					"position": {
						"0.0": [0, 0, 0],
						"0.2083": [0, -0.4, 0],
						"1.0": [0, 0, 0]
					}
				},
				"body": {
					"rotation": {
						"0.0": [0, 0, 0],
						"1.0": [0, 0, 0]
					},
					"position": {
						"0.0": [0, 0, 0],
						"0.2083": [0, 0, 0],
						"0.5": [0, 3, 0],
						"1.0": [0, 0, 0]
					}
				},
				"leftleg1": {
					"rotation": {
						"0.0": [0, 0, 0],
						"0.2083": [-25, 0, 0],
						"0.5": [-10, 0, 0],
						"1.0": [0, 0, 0]
					}
				},
				"leftleg2": {
					"rotation": {
						"0.0": [0, 0, 0],
						"0.2083": [10, 0, 0],
						"0.5": [50, 0, 0],
						"0.75": [5, 0, 0],
						"1.0": [0, 0, 0]
					}
				},
				"rightleg1": {
					"rotation": {
						"0.0": [0, 0, 0],
						"0.2083": [-25, 0, 0],
						"0.5": [-12.5, 0, 0],
						"1.0": [0, 0, 0]
					}
				},
				"rightleg2": {
					"rotation": {
						"0.0": [0, 0, 0],
						"0.2083": [10, 0, 0],
						"0.5": [47.5, 0, 0],
						"0.75": [10, 0, 0],
						"1.0": [0, 0, 0]
					}
				}
			}
		},
		"sprinting": {
			"loop": true,
			"animation_length": 1,
			"bones": {
				"tail": {
					"rotation": {
						"0.0": [0, 0, 0],
						"0.5": [-12.5, 0, 0],
						"0.6667": [22.5, 0, 0],
						"0.8333": [20, 0, 0],
						"1.0": [0, 0, 0]
					}
				},
				"torso": {
					"rotation": {
						"0.0": [0, 0, 0],
						"0.2083": [10, 0, 0],
						"0.4583": [-15, 0, 0],
						"0.6667": [2.5, 0, 0],
						"0.8333": [15, 0, 0],
						"1.0": [0, 0, 0]
					},
					"position": {
						"0.0": [0, 0, 0],
						"0.2083": [0, -0.4, 0],
						"0.8333": [0, -0.28, 0],
						"1.0": [0, 0, 0]
					}
				},
				"body": {
					"rotation": {
						"0.0": [0, 0, 0],
						"1.0": [0, 0, 0]
					},
					"position": {
						"0.0": [0, 0, 0],
						"0.2083": [0, 0, 0],
						"0.5": [0, 10, 0],
						"0.8333": [0, 0, 0],
						"1.0": [0, 0, 0]
					}
				},
				"leftleg1": {
					"rotation": {
						"0.0": [0, 0, 0],
						"0.2083": [-25, 0, 0],
						"0.5": [-10, 0, 0],
						"1.0": [0, 0, 0]
					}
				},
				"leftleg2": {
					"rotation": {
						"0.0": [0, 0, 0],
						"0.2083": [10, 0, 0],
						"0.5": [50, 0, 0],
						"0.75": [5, 0, 0],
						"0.8333": [-1.67, 0, 0],
						"1.0": [0, 0, 0]
					}
				},
				"rightleg1": {
					"rotation": {
						"0.0": [0, 0, 0],
						"0.2083": [-25, 0, 0],
						"0.5": [-12.5, 0, 0],
						"1.0": [0, 0, 0]
					}
				},
				"rightleg2": {
					"rotation": {
						"0.0": [0, 0, 0],
						"0.2083": [10, 0, 0],
						"0.5": [47.5, 0, 0],
						"0.75": [10, 0, 0],
						"0.8333": [-0.83, 0, 0],
						"1.0": [0, 0, 0]
					}
				}
			}
		}
	}
}